event,catalog,waveform,erad_strategy,M_total_Msun,M_chirp_Msun,mass_ratio,E_rad_Msun,chi_eff,redshift,lum_dist_Mpc,n_seraphim,n_sph_std,n_sph_samples,n_carrier,n_BBH_theory,log2_M,gap,alpha_inv,delta_alpha
GW150914_095045,GWTC-2.1,C01:IMRPhenomXPHM,M_total - final_mass_source,64.264,27.7459,0.8463,2.9555,-0.0557,0.0963,455.6162,5.340209,0.046137,147634,137.637871,5.313987,6.005939,132.297662,137.035999,-4.738337
GW150914_095045,GWTC-2.1,C01:IMRPhenomXPHM,M_total - final_mass_source,64.2184,27.7249,0.8454,2.9545,-0.0547,0.0978,463.0273,5.340473,0.045957,199766,137.636848,5.313987,6.004916,132.296375,137.035999,-4.739624
GW151012_095443,GWTC-2.1,C01:IMRPhenomXPHM,M_total - final_mass_source,38.844,15.6122,0.538,1.5958,0.111,0.1937,974.095,5.283749,0.208789,68167,136.911553,5.313987,5.279621,131.627804,137.035999,-5.408195
GW151012_095443,GWTC-2.1,C01:IMRPhenomXPHM,M_total - final_mass_source,38.422,15.5127,0.5513,1.605,0.1178,0.2083,1056.2635,5.295259,0.203841,137933,136.895793,5.313987,5.263861,131.600533,137.035999,-5.435466
GW151226_033853,GWTC-2.1,C01:IMRPhenomXPHM,M_total - final_mass_source,21.6734,8.855,0.5276,0.985,0.2015,0.0973,460.4727,5.334007,0.189791,133885,136.069785,5.313987,4.437853,130.735778,137.035999,-6.300221
GW151226_033853,GWTC-2.1,C01:IMRPhenomXPHM,M_total - final_mass_source,21.6612,8.838,0.5235,0.9817,0.2031,0.0994,471.2247,5.331756,0.18991,188541,136.068974,5.313987,4.437042,130.737218,137.035999,-6.298781
GW170104_101158,GWTC-2.1,C01:IMRPhenomXPHM,M_total - final_mass_source,49.9996,21.1554,0.7085,2.1883,-0.0421,0.2113,1073.2327,5.309569,0.087598,80854,137.275776,5.313987,5.643844,131.966206,137.035999,-5.069793
GW170104_101158,GWTC-2.1,C01:IMRPhenomXPHM,M_total - final_mass_source,49.6974,21.0331,0.7076,2.179,-0.0391,0.2205,1126.1863,5.310683,0.085239,169007,137.267031,5.313987,5.635099,131.956348,137.035999,-5.079651
GW170608_020116,GWTC-2.1,C01:IMRPhenomXPHM,M_total - final_mass_source,18.6246,7.9352,0.7136,0.8639,0.0434,0.0707,328.8612,5.351159,0.088127,219080,135.851072,5.313987,4.219141,130.499914,137.035999,-6.536086
GW170608_020116,GWTC-2.1,C01:IMRPhenomXPHM,M_total - final_mass_source,18.6091,7.9275,0.7122,0.8628,0.0436,0.0718,334.0213,5.350863,0.088712,285112,135.849865,5.313987,4.217933,130.499002,137.035999,-6.536997
GW170729_185629,GWTC-2.1,C01:IMRPhenomXPHM,M_total - final_mass_source,83.5641,34.1478,0.5514,4.1373,0.2572,0.4267,2412.502,5.393495,0.19962,37428,138.016743,5.313987,6.384811,132.623248,137.035999,-4.412751
GW170729_185629,GWTC-2.1,C01:IMRPhenomXPHM,M_total - final_mass_source,82.475,34.0286,0.5845,4.3398,0.3064,0.4943,2874.1125,5.440181,0.178804,173308,137.997817,5.313987,6.365885,132.557637,137.035999,-4.478362
GW170809_082821,GWTC-2.1,C01:IMRPhenomXPHM,M_total - final_mass_source,58.4839,24.7294,0.7064,2.7438,0.0795,0.2147,1092.4979,5.361404,0.087983,89622,137.501899,5.313987,5.869967,132.140495,137.035999,-4.895504
GW170809_082821,GWTC-2.1,C01:IMRPhenomXPHM,M_total - final_mass_source,58.3371,24.6816,0.7072,2.745,0.0833,0.2189,1116.9455,5.36345,0.086552,177783,137.498273,5.313987,5.866341,132.134823,137.035999,-4.901176
GW170814_103043,GWTC-2.1,C01:IMRPhenomXPHM,M_total - final_mass_source,55.6541,23.9165,0.8063,2.6913,0.0606,0.1223,588.4313,5.378698,0.046399,139163,137.430347,5.313987,5.798415,132.051649,137.035999,-4.98435
GW170814_103043,GWTC-2.1,C01:IMRPhenomXPHM,M_total - final_mass_source,55.5515,23.8753,0.808,2.6888,0.0613,0.1245,599.8825,5.379305,0.046136,197034,137.427685,5.313987,5.795753,132.04838,137.035999,-4.987619
GW170818_022509,GWTC-2.1,C01:IMRPhenomXPHM,M_total - final_mass_source,62.4971,26.8023,0.7968,2.8442,-0.0423,0.222,1134.4514,5.334126,0.066714,84033,137.59765,5.313987,5.965718,132.263524,137.035999,-4.772475
GW170818_022509,GWTC-2.1,C01:IMRPhenomXPHM,M_total - final_mass_source,62.2874,26.716,0.7984,2.8484,-0.0347,0.2296,1178.4139,5.33759,0.066023,160046,137.5928,5.313987,5.960868,132.25521,137.035999,-4.78079
GW170823_131358,GWTC-2.1,C01:IMRPhenomXPHM,M_total - final_mass_source,66.9488,28.4833,0.7643,3.1661,0.0531,0.3575,1958.8475,5.36397,0.1035,42612,137.696918,5.313987,6.064986,132.332948,137.035999,-4.703051
GW170823_131358,GWTC-2.1,C01:IMRPhenomXPHM,M_total - final_mass_source,66.2608,28.2222,0.7667,3.162,0.0651,0.3817,2115.4534,5.36973,0.09842,136399,137.682016,5.313987,6.050084,132.312286,137.035999,-4.723713
GW190403_051519,GWTC-2.1,C01:IMRPhenomXPHM,M_total - final_mass_source,107.1354,32.65,0.2025,4.0894,0.6786,1.1374,7954.6993,5.21412,0.343804,11138,138.375223,5.313987,6.743291,133.161103,137.035999,-3.874896
GW190403_051519,GWTC-2.1,C01:IMRPhenomXPHM,M_total - final_mass_source,98.5777,33.1463,0.2763,4.8087,0.6959,1.4295,10547.7819,5.40014,0.292684,178895,138.255122,5.313987,6.62319,132.854981,137.035999,-4.181018
GW190408_181802,GWTC-2.1,C01:IMRPhenomXPHM,M_total - final_mass_source,43.496,18.4673,0.7383,1.937,-0.0301,0.2858,1511.6722,5.321596,0.074859,53971,137.074744,5.313987,5.442812,131.753148,137.035999,-5.282851
GW190408_181802,GWTC-2.1,C01:IMRPhenomXPHM,M_total - final_mass_source,43.1812,18.329,0.735,1.923,-0.0291,0.2961,1574.6829,5.321423,0.072635,127008,137.064262,5.313987,5.43233,131.742839,137.035999,-5.29316
GW190412_053044,GWTC-2.1,C01:IMRPhenomXPHM,M_total - final_mass_source,38.4591,13.3447,0.2821,1.1386,0.247,0.1416,690.1104,5.022211,0.078574,182052,136.897184,5.313987,5.265252,131.874973,137.035999,-5.161026
GW190412_053044,GWTC-2.1,C01:IMRPhenomXPHM,M_total - final_mass_source,38.4473,13.3257,0.2812,1.1359,0.2479,0.1434,699.5342,5.020724,0.078802,264789,136.896743,5.313987,5.264811,131.876019,137.035999,-5.159981
GW190413_052954,GWTC-2.1,C01:IMRPhenomXPHM,M_total - final_mass_source,58.027,24.543,0.7296,2.5527,-0.0353,0.5579,3324.3621,5.313018,0.115031,27757,137.490584,5.313987,5.858652,132.177566,137.035999,-4.858433
GW190413_052954,GWTC-2.1,C01:IMRPhenomXPHM,M_total - final_mass_source,56.9955,24.1528,0.7373,2.5645,-0.0035,0.6146,3737.0392,5.329395,0.111198,144722,137.464708,5.313987,5.832777,132.135313,137.035999,-4.900686
GW190413_134308,GWTC-2.1,C01:IMRPhenomXPHM,M_total - final_mass_source,81.2511,33.2992,0.5987,3.3686,-0.0085,0.6226,3796.2844,5.273783,0.203854,23815,137.976248,5.313987,6.344316,132.702466,137.035999,-4.333534
GW190413_134308,GWTC-2.1,C01:IMRPhenomXPHM,M_total - final_mass_source,78.6772,32.7028,0.6543,3.4403,0.0211,0.7298,4607.0903,5.311039,0.169699,155335,137.929805,5.313987,6.297874,132.618767,137.035999,-4.417232
GW190421_213856,GWTC-2.1,C01:IMRPhenomXPHM,M_total - final_mass_source,73.6101,31.3922,0.7827,3.2157,-0.0959,0.4527,2587.9613,5.305285,0.102963,30882,137.833764,5.313987,6.201832,132.528479,137.035999,-4.507521
GW190421_213856,GWTC-2.1,C01:IMRPhenomXPHM,M_total - final_mass_source,71.669,30.5758,0.7823,3.1556,-0.0839,0.5064,2958.4536,5.310359,0.09766,147856,137.79521,5.313987,6.163278,132.484851,137.035999,-4.551148
GW190426_190642,GWTC-2.1,C01:IMRPhenomXPHM,M_total - final_mass_source,182.3339,75.9944,0.7616,9.2968,0.2261,0.7259,4577.1825,5.418206,0.183825,16736,139.142371,5.313987,7.510439,133.724165,137.035999,-3.311834
GW190426_190642,GWTC-2.1,C01:IMRPhenomXPHM,M_total - final_mass_source,172.1122,71.6648,0.7383,9.17,0.2975,0.8698,5714.2056,5.449271,0.166979,155608,139.059138,5.313987,7.427206,133.609867,137.035999,-3.426132
GW190503_185404,GWTC-2.1,C01:IMRPhenomXPHM,M_total - final_mass_source,69.4292,29.2014,0.6704,2.9633,-0.0575,0.2841,1501.7608,5.289253,0.140284,63867,137.749402,5.313987,6.11747,132.460149,137.035999,-4.57585
GW190503_185404,GWTC-2.1,C01:IMRPhenomXPHM,M_total - final_mass_source,69.1812,29.1408,0.6812,2.9877,-0.0425,0.2996,1596.2606,5.298355,0.13215,166116,137.744241,5.313987,6.112309,132.445886,137.035999,-4.590113
GW190512_180714,GWTC-2.1,C01:IMRPhenomXPHM,M_total - final_mass_source,36.0873,14.5313,0.5125,1.4288,0.0279,0.2783,1466.1971,5.235675,0.108878,74777,136.805352,5.313987,5.17342,131.569677,137.035999,-5.466322
GW190512_180714,GWTC-2.1,C01:IMRPhenomXPHM,M_total - final_mass_source,35.7398,14.4113,0.5143,1.4201,0.0294,0.2895,1534.3961,5.237961,0.109162,181271,136.791391,5.313987,5.159459,131.553429,137.035999,-5.48257
GW190513_205428,GWTC-2.1,C01:IMRPhenomXPHM,M_total - final_mass_source,54.2525,21.4743,0.4755,2.2115,0.1346,0.3888,2162.0181,5.265078,0.163938,48052,137.393551,5.313987,5.761619,132.128473,137.035999,-4.907526
GW190513_205428,GWTC-2.1,C01:IMRPhenomXPHM,M_total - final_mass_source,53.7894,21.3994,0.4852,2.2418,0.1502,0.4073,2283.2604,5.282106,0.162296,180002,137.381182,5.313987,5.74925,132.099076,137.035999,-4.936923
GW190514_065416,GWTC-2.1,C01:IMRPhenomXPHM,M_total - final_mass_source,69.0248,29.0832,0.7175,2.9075,-0.0911,0.634,3881.0073,5.282611,0.144919,15629,137.740974,5.313987,6.109042,132.458363,137.035999,-4.577636
GW190514_065416,GWTC-2.1,C01:IMRPhenomXPHM,M_total - final_mass_source,65.5604,27.7452,0.7386,2.8339,-0.0676,0.7498,4761.9487,5.299889,0.127574,123633,137.666685,5.313987,6.034753,132.366795,137.035999,-4.669204
GW190517_055101,GWTC-2.1,C01:IMRPhenomXPHM,M_total - final_mass_source,64.4896,26.2694,0.5656,3.7207,0.4417,0.3014,1607.3741,5.522279,0.213,61249,137.642927,5.313987,6.010995,132.120647,137.035999,-4.915352
GW190517_055101,GWTC-2.1,C01:IMRPhenomXPHM,M_total - final_mass_source,62.6577,25.7185,0.5939,3.7594,0.4732,0.3513,1919.5894,5.552532,0.196532,161299,137.601351,5.313987,5.969419,132.048819,137.035999,-4.98718
GW190519_153544,GWTC-2.1,C01:IMRPhenomXPHM,M_total - final_mass_source,103.1949,43.2107,0.6284,5.4563,0.3153,0.4529,2589.3807,5.438564,0.126776,42168,138.32116,5.313987,6.689228,132.882596,137.035999,-4.153403
GW190519_153544,GWTC-2.1,C01:IMRPhenomXPHM,M_total - final_mass_source,100.1684,41.8243,0.6287,5.4189,0.3366,0.5204,3057.0433,5.453231,0.124368,150207,138.278215,5.313987,6.646283,132.824984,137.035999,-4.211015
GW190521_030229,GWTC-2.1,C01:IMRPhenomXPHM,M_total - final_mass_source,153.1475,63.2916,0.5871,5.9105,-0.1398,0.556,3310.9194,5.206544,0.27314,24545,138.89071,5.313987,7.258778,133.684166,137.035999,-3.351833
GW190521_030229,GWTC-2.1,C01:IMRPhenomXPHM,M_total - final_mass_source,149.1713,62.4717,0.6499,6.4717,0.0015,0.7193,4526.6373,5.30597,0.219858,148527,138.852758,5.313987,7.220826,133.546788,137.035999,-3.489211
GW190521_074359,GWTC-2.1,C01:IMRPhenomXPHM,M_total - final_mass_source,77.3377,33.2282,0.7642,3.7393,0.0739,0.1798,896.6669,5.376191,0.049427,104558,137.905031,5.313987,6.273099,132.52884,137.035999,-4.507159
GW190521_074359,GWTC-2.1,C01:IMRPhenomXPHM,M_total - final_mass_source,76.6533,32.9059,0.7597,3.6987,0.0726,0.1914,961.0489,5.374768,0.050558,210737,137.892208,5.313987,6.260276,132.51744,137.035999,-4.518559
GW190527_092055,GWTC-2.1,C01:IMRPhenomXPHM,M_total - final_mass_source,59.5505,23.924,0.591,2.5557,0.0831,0.4389,2494.8023,5.312568,0.26509,28052,137.527974,5.313987,5.896042,132.215406,137.035999,-4.820593
GW190527_092055,GWTC-2.1,C01:IMRPhenomXPHM,M_total - final_mass_source,59.0755,23.9883,0.6201,2.6721,0.1206,0.5435,3221.3147,5.342713,0.233143,141653,137.51642,5.313987,5.884488,132.173707,137.035999,-4.862292
GW190602_175927,GWTC-2.1,C01:IMRPhenomXPHM,M_total - final_mass_source,115.6461,48.0285,0.632,5.3309,0.1159,0.4895,2840.8575,5.340886,0.181177,34581,138.485505,5.313987,6.853573,133.144619,137.035999,-3.89138
GW190602_175927,GWTC-2.1,C01:IMRPhenomXPHM,M_total - final_mass_source,113.3806,47.2652,0.6548,5.411,0.1521,0.5509,3274.2086,5.36729,0.165953,155451,138.456962,5.313987,6.82503,133.089673,137.035999,-3.946326
GW190620_030421,GWTC-2.1,C01:IMRPhenomXPHM,M_total - final_mass_source,90.6749,36.5329,0.5444,4.5068,0.3065,0.513,3004.8162,5.405048,0.255465,32655,138.134564,5.313987,6.502632,132.729516,137.035999,-4.306484
GW190620_030421,GWTC-2.1,C01:IMRPhenomXPHM,M_total - final_mass_source,88.8469,36.2467,0.5781,4.6333,0.3327,0.5709,3418.1832,5.439634,0.214965,152410,138.105181,5.313987,6.473249,132.665546,137.035999,-4.370453
GW190630_185205,GWTC-2.1,C01:IMRPhenomXPHM,M_total - final_mass_source,59.3298,25.1591,0.722,2.8099,0.0918,0.1683,833.5451,5.36844,0.081258,87638,137.522616,5.313987,5.890684,132.154176,137.035999,-4.881823
GW190630_185205,GWTC-2.1,C01:IMRPhenomXPHM,M_total - final_mass_source,58.8757,24.8678,0.707,2.7731,0.0941,0.1818,908.0265,5.365539,0.08254,171387,137.511533,5.313987,5.879601,132.145994,137.035999,-4.890005
GW190701_203306,GWTC-2.1,C01:IMRPhenomXPHM,M_total - final_mass_source,93.6781,39.9011,0.7543,4.0455,-0.097,0.38,2104.2064,5.29592,0.106625,54580,138.181572,5.313987,6.54964,132.885653,137.035999,-4.150346
GW190701_203306,GWTC-2.1,C01:IMRPhenomXPHM,M_total - final_mass_source,93.2884,39.7789,0.762,4.0677,-0.085,0.3972,2217.0081,5.302204,0.101025,160160,138.175558,5.313987,6.543627,132.873354,137.035999,-4.162645
GW190706_222641,GWTC-2.1,C01:IMRPhenomXPHM,M_total - final_mass_source,112.6867,45.1876,0.5151,5.3952,0.2845,0.5847,3518.1436,5.367637,0.216754,23977,138.448106,5.313987,6.816174,133.080469,137.035999,-3.95553
GW190706_222641,GWTC-2.1,C01:IMRPhenomXPHM,M_total - final_mass_source,107.3694,43.4892,0.541,5.4497,0.322,0.7055,4420.4068,5.409494,0.192508,159868,138.378371,5.313987,6.746439,132.968877,137.035999,-4.067122
GW190707_093326,GWTC-2.1,C01:IMRPhenomXPHM,M_total - final_mass_source,20.0104,8.5017,0.7253,0.8746,-0.0641,0.1627,802.9451,5.310886,0.060051,203490,135.954607,5.313987,4.322675,130.643721,137.035999,-6.392278
GW190707_093326,GWTC-2.1,C01:IMRPhenomXPHM,M_total - final_mass_source,19.8959,8.4505,0.7239,0.8697,-0.0634,0.1698,841.8587,5.310628,0.06179,367463,135.946329,5.313987,4.314397,130.635702,137.035999,-6.400298
GW190708_232457,GWTC-2.1,C01:IMRPhenomXPHM,M_total - final_mass_source,30.7827,13.0484,0.731,1.4003,0.0185,0.186,931.0715,5.341842,0.066382,51021,136.575979,5.313987,4.944047,131.234138,137.035999,-5.801862
GW190708_232457,GWTC-2.1,C01:IMRPhenomXPHM,M_total - final_mass_source,30.6395,12.9879,0.7279,1.3932,0.0196,0.1917,962.8644,5.341296,0.066952,94772,136.569253,5.313987,4.937321,131.227957,137.035999,-5.808042
GW190719_215514,GWTC-2.1,C01:IMRPhenomXPHM,M_total - final_mass_source,57.1791,22.8107,0.5558,2.6056,0.25,0.613,3725.1728,5.364594,0.291803,20708,137.469349,5.313987,5.837417,132.104755,137.035999,-4.931244
GW190719_215514,GWTC-2.1,C01:IMRPhenomXPHM,M_total - final_mass_source,55.3494,22.2958,0.5618,2.6744,0.3041,0.7518,4777.4918,5.397818,0.258313,153538,137.422428,5.313987,5.790496,132.024609,137.035999,-5.01139
GW190720_000836,GWTC-2.1,C01:IMRPhenomXPHM,M_total - final_mass_source,21.7909,8.9751,0.5544,0.9786,0.174,0.1543,757.5404,5.328987,0.126499,86699,136.077588,5.313987,4.445656,130.748602,137.035999,-6.287398
GW190720_000836,GWTC-2.1,C01:IMRPhenomXPHM,M_total - final_mass_source,21.6999,8.9502,0.553,0.9731,0.175,0.1574,774.5284,5.328458,0.127103,131644,136.071548,5.313987,4.439616,130.743089,137.035999,-6.29291
GW190725_174728,GWTC-2.1,C01:IMRPhenomXPHM,M_total - final_mass_source,18.3061,7.4493,0.5332,0.7078,-0.0389,0.2028,1025.4497,5.223844,0.222924,79206,135.826185,5.313987,4.194253,130.602341,137.035999,-6.433658
GW190725_174728,GWTC-2.1,C01:IMRPhenomXPHM,M_total - final_mass_source,18.1626,7.3832,0.5292,0.7008,-0.0356,0.2139,1088.3469,5.22203,0.223477,170198,135.814829,5.313987,4.182897,130.592799,137.035999,-6.4432
GW190727_060333,GWTC-2.1,C01:IMRPhenomXPHM,M_total - final_mass_source,68.625,29.308,0.7858,3.3475,0.0839,0.5146,3016.3828,5.381241,0.110366,38894,137.732594,5.313987,6.100662,132.351353,137.035999,-4.684646
GW190727_060333,GWTC-2.1,C01:IMRPhenomXPHM,M_total - final_mass_source,67.8058,28.9747,0.7882,3.3349,0.0989,0.5455,3235.4501,5.387847,0.10183,162922,137.715269,5.313987,6.083337,132.327421,137.035999,-4.708578
GW190728_064510,GWTC-2.1,C01:IMRPhenomXPHM,M_total - final_mass_source,20.9488,8.6357,0.6016,0.9529,0.1402,0.1761,876.3991,5.343041,0.172984,11485,136.020731,5.313987,4.388799,130.67769,137.035999,-6.358309
GW190728_064510,GWTC-2.1,C01:IMRPhenomXPHM,M_total - final_mass_source,20.8066,8.5931,0.6046,0.9477,0.1395,0.1816,906.63,5.344114,0.176106,20000,136.010905,5.313987,4.378973,130.666791,137.035999,-6.369208
GW190731_140936,GWTC-2.1,C01:IMRPhenomXPHM,M_total - final_mass_source,69.3111,29.1614,0.7077,3.192,0.0525,0.5565,3314.5152,5.348068,0.13255,21267,137.746946,5.313987,6.115014,132.398878,137.035999,-4.637121
GW190731_140936,GWTC-2.1,C01:IMRPhenomXPHM,M_total - final_mass_source,66.3946,28.049,0.7292,3.1489,0.0787,0.6609,4082.338,5.365238,0.123012,126255,137.684927,5.313987,6.052995,132.319689,137.035999,-4.71631
GW190803_022701,GWTC-2.1,C01:IMRPhenomXPHM,M_total - final_mass_source,65.0001,27.5868,0.7502,2.9361,-0.0147,0.5386,3186.4054,5.331171,0.113238,20574,137.654301,5.313987,6.022369,132.32313,137.035999,-4.712869
GW190803_022701,GWTC-2.1,C01:IMRPhenomXPHM,M_total - final_mass_source,63.5518,27.0197,0.7581,2.9127,0.0028,0.5922,3572.7986,5.340783,0.105032,101656,137.621793,5.313987,5.989861,132.28101,137.035999,-4.754989
GW190805_211137,GWTC-2.1,C01:IMRPhenomXPHM,M_total - final_mass_source,75.4035,31.345,0.6835,4.3261,0.3868,0.933,6229.5858,5.49988,0.177256,11786,137.868491,5.313987,6.236559,132.368611,137.035999,-4.667388
GW190805_211137,GWTC-2.1,C01:IMRPhenomXPHM,M_total - final_mass_source,71.0053,29.6674,0.6915,4.2106,0.4244,1.0997,7630.1362,5.523814,0.153015,169040,137.781787,5.313987,6.149855,132.257973,137.035999,-4.778026
GW190814_211039,GWTC-2.1,C01:IMRPhenomXPHM,M_total - final_mass_source,25.9061,6.1078,0.1112,0.2419,0.0037,0.0508,232.6956,4.188836,0.040036,78254,136.32715,5.313987,4.695218,132.138314,137.035999,-4.897685
GW190814_211039,GWTC-2.1,C01:IMRPhenomXPHM,M_total - final_mass_source,25.9032,6.107,0.1112,0.2418,0.0038,0.0509,233.3581,4.188728,0.040047,89500,136.326989,5.313987,4.695057,132.138261,137.035999,-4.897738
GW190828_063405,GWTC-2.1,C01:IMRPhenomXPHM,M_total - final_mass_source,57.2082,24.5995,0.8234,2.9609,0.154,0.3754,2074.3274,5.423405,0.060526,42966,137.470082,5.313987,5.83815,132.046678,137.035999,-4.989322
GW190828_063405,GWTC-2.1,C01:IMRPhenomXPHM,M_total - final_mass_source,56.6258,24.3439,0.8197,2.9378,0.1604,0.3932,2190.7979,5.425416,0.060339,128000,137.455319,5.313987,5.823387,132.029903,137.035999,-5.006096
GW190828_065509,GWTC-2.1,C01:IMRPhenomXPHM,M_total - final_mass_source,34.2533,13.3918,0.4414,1.2489,0.0539,0.2908,1542.4245,5.176814,0.127938,71723,136.730104,5.313987,5.098172,131.55329,137.035999,-5.482709
GW190828_065509,GWTC-2.1,C01:IMRPhenomXPHM,M_total - final_mass_source,33.8208,13.2329,0.4419,1.2364,0.0553,0.3078,1646.2219,5.178342,0.127833,181548,136.71177,5.313987,5.079838,131.533428,137.035999,-5.502571
GW190910_112807,GWTC-2.1,C01:IMRPhenomXPHM,M_total - final_mass_source,76.692,32.8815,0.7821,3.5466,-0.0112,0.3076,1645.1975,5.346701,0.068759,54830,137.892937,5.313987,6.261005,132.546236,137.035999,-4.489763
GW190910_112807,GWTC-2.1,C01:IMRPhenomXPHM,M_total - final_mass_source,75.133,32.2054,0.7868,3.4973,-0.0054,0.3448,1877.9223,5.350058,0.068156,159609,137.863306,5.313987,6.231375,132.513248,137.035999,-4.522751
GW190915_235702,GWTC-2.1,C01:IMRPhenomXPHM,M_total - final_mass_source,56.6538,24.1699,0.7686,2.5497,-0.0388,0.3297,1782.9483,5.328455,0.084057,50133,137.456033,5.313987,5.824101,132.127578,137.035999,-4.908421
GW190915_235702,GWTC-2.1,C01:IMRPhenomXPHM,M_total - final_mass_source,56.1627,23.967,0.7714,2.5428,-0.0297,0.346,1885.5073,5.332474,0.081487,144305,137.443473,5.313987,5.811541,132.111,137.035999,-4.924999
GW190916_200658,GWTC-2.1,C01:IMRPhenomXPHM,M_total - final_mass_source,68.0116,26.9507,0.5569,3.0057,0.1923,0.7664,4891.9623,5.345283,0.262675,13058,137.719641,5.313987,6.087709,132.374358,137.035999,-4.661641
GW190916_200658,GWTC-2.1,C01:IMRPhenomXPHM,M_total - final_mass_source,65.7998,26.5896,0.5936,3.1938,0.2725,0.9388,6277.9391,5.402735,0.222557,107199,137.671944,5.313987,6.040012,132.269209,137.035999,-4.76679
GW190917_114630,GWTC-2.1,C01:IMRPhenomXPHM,M_total - final_mass_source,11.7631,3.6721,0.2106,0.2122,-0.076,0.1468,717.7028,4.661922,0.21511,12312,135.18813,5.313987,3.556198,130.526208,137.035999,-6.509791
GW190917_114630,GWTC-2.1,C01:IMRPhenomXPHM,M_total - final_mass_source,11.7119,3.658,0.2101,0.2111,-0.0745,0.1514,741.9952,4.660212,0.212879,20000,135.181836,5.313987,3.549904,130.521624,137.035999,-6.514375
GW190924_021846,GWTC-2.1,C01:IMRPhenomXPHM,M_total - final_mass_source,14.2941,5.7873,0.5094,0.5731,0.0457,0.1132,541.5676,5.242744,0.166698,32797,135.469275,5.313987,3.837343,130.226531,137.035999,-6.809468
GW190924_021846,GWTC-2.1,C01:IMRPhenomXPHM,M_total - final_mass_source,14.2604,5.7725,0.509,0.5718,0.0463,0.116,556.0756,5.242501,0.168668,46372,135.465877,5.313987,3.833945,130.223377,137.035999,-6.812622
GW190925_232845,GWTC-2.1,C01:IMRPhenomXPHM,M_total - final_mass_source,36.8282,15.6591,0.7413,1.7354,0.0811,0.1819,908.2815,5.364077,0.09103,87963,136.834669,5.313987,5.202737,131.470593,137.035999,-5.565406
GW190925_232845,GWTC-2.1,C01:IMRPhenomXPHM,M_total - final_mass_source,36.6711,15.5974,0.7415,1.7294,0.0829,0.1871,936.9937,5.364636,0.091483,164960,136.828505,5.313987,5.196573,131.463869,137.035999,-5.57213
GW190926_050336,GWTC-2.1,C01:IMRPhenomXPHM,M_total - final_mass_source,61.6623,24.2897,0.4985,2.2982,-0.0202,0.5509,3273.8744,5.204005,0.223486,20327,137.578248,5.313987,5.946316,132.374243,137.035999,-4.661756
GW190926_050336,GWTC-2.1,C01:IMRPhenomXPHM,M_total - final_mass_source,59.0562,23.8908,0.5798,2.3833,-0.0076,0.7189,4523.2707,5.261442,0.197737,157760,137.515949,5.313987,5.884017,132.254507,137.035999,-4.781492
GW190929_012149,GWTC-2.1,C01:IMRPhenomXPHM,M_total - final_mass_source,93.3076,35.5546,0.4034,3.0524,-0.0306,0.5306,3129.2327,5.095831,0.238233,30749,138.175855,5.313987,6.543923,133.080024,137.035999,-3.955976
GW190929_012149,GWTC-2.1,C01:IMRPhenomXPHM,M_total - final_mass_source,90.0049,34.8033,0.4378,3.1314,-0.0203,0.6189,3769.2235,5.144286,0.218704,153782,138.123864,5.313987,6.491932,132.979578,137.035999,-4.056421
GW190930_133541,GWTC-2.1,C01:IMRPhenomXPHM,M_total - final_mass_source,20.4197,8.5128,0.6274,0.936,0.1472,0.1555,764.0483,5.348322,0.171579,80472,135.983821,5.313987,4.351889,130.635499,137.035999,-6.4005
GW190930_133541,GWTC-2.1,C01:IMRPhenomXPHM,M_total - final_mass_source,20.3281,8.4758,0.6249,0.9313,0.1487,0.1603,789.9015,5.347979,0.174768,137344,135.977339,5.313987,4.345407,130.629359,137.035999,-6.40664
GW191103_012549,GWTC-3,C01:IMRPhenomXPHM,M_total - final_mass_source,20.0274,8.334,0.6516,0.9705,0.2157,0.1972,993.7858,5.396941,0.126876,9914,135.955836,5.313987,4.323904,130.558896,137.035999,-6.477103
GW191103_012549,GWTC-3,C01:IMRPhenomXPHM,M_total - final_mass_source,19.8657,8.2563,0.6454,0.9614,0.2175,0.2085,1057.2372,5.394502,0.13019,167837,135.944139,5.313987,4.312207,130.549637,137.035999,-6.486362
GW191105_143521,GWTC-3,C01:IMRPhenomXPHM,M_total - final_mass_source,18.5278,7.8058,0.6935,0.8102,-0.0184,0.2262,1158.7027,5.314606,0.088906,65529,135.843555,5.313987,4.211623,130.528949,137.035999,-6.50705
GW191105_143521,GWTC-3,C01:IMRPhenomXPHM,M_total - final_mass_source,18.4113,7.7567,0.6906,0.8044,-0.0176,0.2339,1203.1731,5.313769,0.089879,142741,135.834455,5.313987,4.202523,130.520686,137.035999,-6.515313
GW191109_010717,GWTC-3,C01:IMRPhenomXPHM,M_total - final_mass_source,111.363,47.3964,0.7315,4.2706,-0.3112,0.2197,1121.3526,5.216586,0.13503,109061,138.431058,5.313987,6.799126,133.214473,137.035999,-3.821527
GW191109_010717,GWTC-3,C01:IMRPhenomXPHM,M_total - final_mass_source,108.7483,46.2995,0.738,4.211,-0.2938,0.2535,1318.0133,5.224691,0.13003,270070,138.396781,5.313987,6.764849,133.17209,137.035999,-3.863909
GW191113_071753,GWTC-3,C01:IMRPhenomXPHM,M_total - final_mass_source,35.573,10.7239,0.1904,0.5951,0.0032,0.2421,1251.258,4.606549,0.294563,52362,136.784642,5.313987,5.15271,132.178092,137.035999,-4.857907
GW191113_071753,GWTC-3,C01:IMRPhenomXPHM,M_total - final_mass_source,34.3837,10.5705,0.1993,0.6076,0.0101,0.2735,1437.2116,4.642251,0.321573,129899,136.735585,5.313987,5.103653,132.093334,137.035999,-4.942665
GW191126_115259,GWTC-3,C01:IMRPhenomXPHM,M_total - final_mass_source,20.5602,8.6148,0.6823,1.0144,0.21,0.3097,1658.4289,5.403582,0.101746,55315,135.993716,5.313987,4.361784,130.590133,137.035999,-6.445866
GW191126_115259,GWTC-3,C01:IMRPhenomXPHM,M_total - final_mass_source,20.2869,8.5023,0.6767,1.0007,0.2122,0.3272,1767.4706,5.402898,0.104767,158918,135.974411,5.313987,4.342479,130.571514,137.035999,-6.464486
GW191127_050227,GWTC-3,C01:IMRPhenomXPHM,M_total - final_mass_source,84.7759,30.0956,0.3486,2.7668,0.1768,0.5701,3412.025,5.137051,0.466585,27156,138.037514,5.313987,6.405582,132.900463,137.035999,-4.135536
GW191127_050227,GWTC-3,C01:IMRPhenomXPHM,M_total - final_mass_source,81.4854,31.2006,0.4699,3.4141,0.2588,0.7282,4595.2896,5.309676,0.370628,185048,137.980402,5.313987,6.34847,132.670726,137.035999,-4.365273
GW191129_134029,GWTC-3,C01:IMRPhenomXPHM,M_total - final_mass_source,17.6754,7.3222,0.599,0.7712,0.0648,0.1583,779.5891,5.309786,0.091197,77231,135.775599,5.313987,4.143667,130.465813,137.035999,-6.570186
GW191129_134029,GWTC-3,C01:IMRPhenomXPHM,M_total - final_mass_source,17.6118,7.2954,0.5962,0.7681,0.0658,0.1626,802.6595,5.308807,0.091605,135743,135.770404,5.313987,4.138472,130.461598,137.035999,-6.574401
GW191204_110529,GWTC-3,C01:IMRPhenomXPHM,M_total - final_mass_source,46.9785,19.726,0.7246,2.1087,0.0373,0.3355,1819.1989,5.339554,0.141712,41745,137.185859,5.313987,5.553927,131.846305,137.035999,-5.189694
GW191204_110529,GWTC-3,C01:IMRPhenomXPHM,M_total - final_mass_source,44.6289,18.7243,0.7202,2.0149,0.0444,0.4135,2324.5037,5.340826,0.14486,155223,137.11184,5.313987,5.479908,131.771013,137.035999,-5.264986
GW191204_171526,GWTC-3,C01:IMRPhenomXPHM,M_total - final_mass_source,20.3555,8.574,0.6593,0.9915,0.1592,0.1304,631.0594,5.387196,0.063196,128624,135.979278,5.313987,4.347346,130.592081,137.035999,-6.443918
GW191204_171526,GWTC-3,C01:IMRPhenomXPHM,M_total - final_mass_source,20.3128,8.5552,0.6579,0.9891,0.1594,0.1329,644.1411,5.386828,0.063494,206292,135.97625,5.313987,4.344318,130.589421,137.035999,-6.446578
GW191215_223052,GWTC-3,C01:IMRPhenomXPHM,M_total - final_mass_source,43.2039,18.3077,0.7447,1.8894,-0.0536,0.3522,1925.2414,5.309682,0.078136,6913,137.065022,5.313987,5.43309,131.75534,137.035999,-5.28066
GW191215_223052,GWTC-3,C01:IMRPhenomXPHM,M_total - final_mass_source,42.4701,18.0127,0.7398,1.8667,-0.0423,0.3796,2101.7905,5.313574,0.078632,20000,137.040308,5.313987,5.408376,131.726734,137.035999,-5.309265
GW191216_213338,GWTC-3,C01:IMRPhenomXPHM,M_total - final_mass_source,20.0659,8.336,0.5807,0.9028,0.1174,0.0725,337.7468,5.324671,0.140139,249520,135.958608,5.313987,4.326676,130.633938,137.035999,-6.402061
GW191216_213338,GWTC-3,C01:IMRPhenomXPHM,M_total - final_mass_source,20.0462,8.3276,0.5808,0.902,0.1173,0.0737,343.2608,5.324664,0.142139,315108,135.957186,5.313987,4.325254,130.632522,137.035999,-6.403477
GW191219_163120,GWTC-3,C01:IMRPhenomXPHM:HighSpin,M_total - final_mass_source,32.7632,4.3328,0.0369,0.0859,0.0048,0.1098,523.9789,3.272084,0.04671,14965,136.665938,5.313987,5.034006,133.393854,137.035999,-3.642145
GW191219_163120,GWTC-3,C01:IMRPhenomXPHM:HighSpin,M_total - final_mass_source,32.6999,4.3258,0.037,0.0858,0.005,0.1117,534.013,3.27263,0.060261,20000,136.663148,5.313987,5.031216,133.390517,137.035999,-3.645482
GW191222_033537,GWTC-3,C01:IMRPhenomXPHM,M_total - final_mass_source,79.5141,33.965,0.784,3.5545,-0.0543,0.4857,2814.3118,5.320872,0.095165,26560,137.94507,5.313987,6.313138,132.624198,137.035999,-4.411801
GW191222_033537,GWTC-3,C01:IMRPhenomXPHM,M_total - final_mass_source,76.5762,32.6222,0.7752,3.4459,-0.0399,0.566,3382.4378,5.325662,0.093478,135537,137.890757,5.313987,6.258825,132.565095,137.035999,-4.470904
GW191230_180458,GWTC-3,C01:IMRPhenomXPHM,M_total - final_mass_source,85.1422,36.2191,0.7671,3.7761,-0.0586,0.681,4233.6398,5.315506,0.125084,21752,138.043734,5.313987,6.411802,132.728229,137.035999,-4.307771
GW191230_180458,GWTC-3,C01:IMRPhenomXPHM,M_total - final_mass_source,82.4549,35.1231,0.7748,3.7069,-0.0389,0.76,4841.4492,5.325133,0.111439,139585,137.997465,5.313987,6.365533,132.672332,137.035999,-4.363667
GW200105_162426,GWTC-3,C01:IMRPhenomXPHM:HighSpin,M_total - final_mass_source,10.9488,3.4166,0.2106,0.2044,0.0007,0.0594,274.0177,4.688254,0.136692,20000,135.084639,5.313987,3.452707,130.396386,137.035999,-6.639614
GW200105_162426,GWTC-3,C01:IMRPhenomXPHM,M_total - final_mass_source,10.9488,3.4166,0.2106,0.2044,0.0007,0.0594,274.0177,4.688254,0.136692,20000,135.084639,5.313987,3.452707,130.396386,137.035999,-6.639614
GW200112_155838,GWTC-3,C01:IMRPhenomXPHM,M_total - final_mass_source,63.355,27.0358,0.7577,2.9825,0.044,0.2408,1243.7261,5.361197,0.066228,68706,137.617318,5.313987,5.985386,132.256121,137.035999,-4.779878
GW200112_155838,GWTC-3,C01:IMRPhenomXPHM,M_total - final_mass_source,63.0319,26.9016,0.7594,2.9764,0.0481,0.2502,1298.888,5.363361,0.065693,157304,137.609942,5.313987,5.97801,132.246581,137.035999,-4.789418
GW200115_042309,GWTC-3,C01:IMRPhenomXPHM:HighSpin,M_total - final_mass_source,7.2802,2.4283,0.2499,0.1463,-0.1681,0.0624,288.3088,4.741163,0.210859,16089,134.495917,5.313987,2.863985,129.754754,137.035999,-7.281245
GW200115_042309,GWTC-3,C01:IMRPhenomXPHM:HighSpin,M_total - final_mass_source,7.2716,2.4267,0.2501,0.1462,-0.1687,0.0631,291.6436,4.741659,0.211007,20000,134.494213,5.313987,2.862281,129.752554,137.035999,-7.283445
GW200128_022011,GWTC-3,C01:IMRPhenomXPHM,M_total - final_mass_source,73.7024,31.5141,0.7915,3.5746,0.0797,0.5396,3193.0713,5.382108,0.095136,26969,137.835572,5.313987,6.20364,132.453463,137.035999,-4.582536
GW200128_022011,GWTC-3,C01:IMRPhenomXPHM,M_total - final_mass_source,70.2069,29.9704,0.7872,3.4336,0.0915,0.6326,3870.8017,5.386064,0.091115,150506,137.765472,5.313987,6.13354,132.379408,137.035999,-4.656591
GW200129_065458,GWTC-3,C01:IMRPhenomXPHM,M_total - final_mass_source,63.3266,26.7175,0.7251,3.0627,0.1075,0.1898,952.0811,5.38485,0.107395,87429,137.616672,5.313987,5.98474,132.231822,137.035999,-4.804178
GW200129_065458,GWTC-3,C01:IMRPhenomXPHM,M_total - final_mass_source,63.2127,26.6683,0.7166,3.0573,0.1096,0.1936,973.2465,5.384822,0.105607,148072,137.614074,5.313987,5.982142,132.229252,137.035999,-4.806747
GW200202_154313,GWTC-3,C01:IMRPhenomXPHM,M_total - final_mass_source,17.5954,7.4872,0.713,0.8094,0.0361,0.0883,415.3041,5.346293,0.086929,126430,135.769058,5.313987,4.137126,130.422766,137.035999,-6.613233
GW200202_154313,GWTC-3,C01:IMRPhenomXPHM,M_total - final_mass_source,17.5719,7.4775,0.7118,0.8082,0.0363,0.0896,422.0993,5.345984,0.087289,170115,135.767133,5.313987,4.135201,130.421149,137.035999,-6.61485
GW200208_130117,GWTC-3,C01:IMRPhenomXPHM,M_total - final_mass_source,65.1014,27.534,0.7253,2.7901,-0.0854,0.3938,2194.7842,5.293632,0.107727,38722,137.656548,5.313987,6.024616,132.362916,137.035999,-4.673083
GW200208_130117,GWTC-3,C01:IMRPhenomXPHM,M_total - final_mass_source,64.6282,27.3823,0.7345,2.8124,-0.0647,0.4205,2371.2159,5.30507,0.103588,104414,137.646025,5.313987,6.014093,132.340954,137.035999,-4.695045
GW200208_222617,GWTC-3,C01:IMRPhenomXPHM,M_total - final_mass_source,90.7246,23.2195,0.1432,2.1201,0.6237,0.6897,4300.1425,4.89223,0.428204,24495,138.135354,5.313987,6.503422,133.243124,137.035999,-3.792875
GW200208_222617,GWTC-3,C01:IMRPhenomXPHM,M_total - final_mass_source,87.7227,23.8771,0.1595,2.3589,0.6669,0.8824,5816.3066,5.045551,0.392439,209178,138.086809,5.313987,6.454878,133.041258,137.035999,-3.994741
GW200209_085452,GWTC-3,C01:IMRPhenomXPHM,M_total - final_mass_source,61.831,26.3822,0.7808,2.6603,-0.1248,0.5695,3407.9502,5.294557,0.101643,30588,137.58219,5.313987,5.950258,132.287633,137.035999,-4.748366
GW200209_085452,GWTC-3,C01:IMRPhenomXPHM,M_total - final_mass_source,60.3288,25.8017,0.7898,2.6343,-0.1066,0.6412,3934.6696,5.30374,0.093251,161419,137.546707,5.313987,5.914775,132.242967,137.035999,-4.793032
GW200210_092254,GWTC-3,C01:IMRPhenomXPHM,M_total - final_mass_source,27.4557,6.5609,0.114,0.2678,0.0346,0.1873,938.5242,4.223891,0.146266,78491,136.410968,5.313987,4.779036,132.187077,137.035999,-4.848922
GW200210_092254,GWTC-3,C01:IMRPhenomXPHM,M_total - final_mass_source,27.1921,6.525,0.1149,0.2668,0.0311,0.1936,973.7281,4.227816,0.150171,141688,136.397047,5.313987,4.765115,132.169231,137.035999,-4.866769
GW200216_220804,GWTC-3,C01:IMRPhenomXPHM,M_total - final_mass_source,80.9417,32.6391,0.5871,3.442,0.0805,0.6303,3853.474,5.299956,0.280145,17943,137.970743,5.313987,6.338811,132.670787,137.035999,-4.365212
GW200216_220804,GWTC-3,C01:IMRPhenomXPHM,M_total - final_mass_source,78.8524,32.4885,0.6541,3.6236,0.1255,0.7612,4850.7836,5.348559,0.22306,145692,137.933014,5.313987,6.301083,132.584455,137.035999,-4.451544
GW200219_094415,GWTC-3,C01:IMRPhenomXPHM,M_total - final_mass_source,64.9328,27.6031,0.7592,2.8047,-0.0968,0.559,3332.3502,5.297178,0.106748,28386,137.652808,5.313987,6.020876,132.35563,137.035999,-4.680369
GW200219_094415,GWTC-3,C01:IMRPhenomXPHM,M_total - final_mass_source,62.9356,26.8007,0.7673,2.7577,-0.0841,0.6271,3829.5977,5.305845,0.098394,154656,137.607737,5.313987,5.975805,132.301891,137.035999,-4.734108
GW200220_061928,GWTC-3,C01:IMRPhenomXPHM,M_total - final_mass_source,144.1972,60.2499,0.7214,6.4727,0.0373,0.9314,6216.9656,5.332795,0.234877,7327,138.803831,5.313987,7.171899,133.471036,137.035999,-3.564963
GW200220_061928,GWTC-3,C01:IMRPhenomXPHM,M_total - final_mass_source,130.8113,54.9797,0.7364,6.1536,0.0805,1.1703,8240.2654,5.359873,0.166807,123819,138.663275,5.313987,7.031343,133.303402,137.035999,-3.732597
GW200220_124850,GWTC-3,C01:IMRPhenomXPHM,M_total - final_mass_source,65.742,27.9053,0.7449,2.8582,-0.0741,0.6696,4147.5399,5.302616,0.117663,13497,137.670675,5.313987,6.038743,132.368059,137.035999,-4.66794
GW200220_124850,GWTC-3,C01:IMRPhenomXPHM,M_total - final_mass_source,62.2533,26.4779,0.7601,2.7601,-0.0535,0.7977,5138.0481,5.315809,0.106037,96667,137.59201,5.313987,5.960078,132.276202,137.035999,-4.759798
GW200224_222234,GWTC-3,C01:IMRPhenomXPHM,M_total - final_mass_source,71.9586,30.9151,0.8029,3.5876,0.1001,0.3159,1696.4693,5.398035,0.076352,88200,137.801028,5.313987,6.169096,132.402993,137.035999,-4.633006
GW200224_222234,GWTC-3,C01:IMRPhenomXPHM,M_total - final_mass_source,71.5674,30.7533,0.8039,3.5749,0.1032,0.3279,1771.5091,5.399574,0.073096,216261,137.793164,5.313987,6.161232,132.39359,137.035999,-4.642409
GW200225_060421,GWTC-3,C01:IMRPhenomXPHM,M_total - final_mass_source,33.5639,14.2479,0.7281,1.4197,-0.1381,0.2138,1087.9199,5.280417,0.094845,88167,136.700771,5.313987,5.068839,131.420354,137.035999,-5.615645
GW200225_060421,GWTC-3,C01:IMRPhenomXPHM,M_total - final_mass_source,33.3536,14.1722,0.7333,1.4221,-0.1271,0.2258,1156.774,5.285762,0.092831,195767,136.691705,5.313987,5.059773,131.405943,137.035999,-5.630056
GW200302_015811,GWTC-3,C01:IMRPhenomXPHM,M_total - final_mass_source,57.445,22.9418,0.4896,2.1711,-0.0012,0.2708,1421.5178,5.201894,0.163701,39475,137.476041,5.313987,5.844109,132.274147,137.035999,-4.761852
GW200302_015811,GWTC-3,C01:IMRPhenomXPHM,M_total - final_mass_source,56.8752,22.8195,0.507,2.2126,0.0131,0.2974,1582.3795,5.225078,0.161466,104245,137.461661,5.313987,5.829729,132.236583,137.035999,-4.799416
GW200306_093714,GWTC-3,C01:IMRPhenomXPHM,M_total - final_mass_source,43.7158,17.4319,0.5371,2.0805,0.3102,0.3787,2095.9465,5.376419,0.28672,29333,137.082014,5.313987,5.450082,131.705595,137.035999,-5.330404
GW200306_093714,GWTC-3,C01:IMRPhenomXPHM,M_total - final_mass_source,42.7835,17.2485,0.5589,2.1838,0.3569,0.4337,2459.2568,5.420961,0.264371,116436,137.050916,5.313987,5.418984,131.629955,137.035999,-5.406044
GW200308_173609,GWTC-3,C01:IMRPhenomXPHM,M_total - final_mass_source,102.5327,36.8081,0.3491,3.2346,0.127,1.0054,6831.0388,5.185479,0.533146,3341,138.311873,5.313987,6.679941,133.126394,137.035999,-3.909605
GW200308_173609,GWTC-3,C01:IMRPhenomXPHM,M_total - final_mass_source,103.0438,37.6878,0.3926,3.2211,0.0576,2.1487,17389.0712,5.170826,0.531856,132606,138.319045,5.313987,6.687113,133.14822,137.035999,-3.887779
GW200311_115853,GWTC-3,C01:IMRPhenomXPHM,M_total - final_mass_source,61.4657,26.324,0.7982,2.8102,-0.0357,0.2295,1177.6702,5.338147,0.076073,109150,137.573641,5.313987,5.941709,132.235494,137.035999,-4.800505
GW200311_115853,GWTC-3,C01:IMRPhenomXPHM,M_total - final_mass_source,61.3428,26.2704,0.7965,2.8077,-0.0325,0.2338,1202.7842,5.339013,0.074487,202628,137.570754,5.313987,5.938822,132.23174,137.035999,-4.804259
GW200316_215756,GWTC-3,C01:IMRPhenomXPHM,M_total - final_mass_source,21.7761,8.8087,0.5195,0.9245,0.1507,0.2137,1086.937,5.291595,0.175532,67196,136.076608,5.313987,4.444676,130.785012,137.035999,-6.250987
GW200316_215756,GWTC-3,C01:IMRPhenomXPHM,M_total - final_mass_source,21.5792,8.7482,0.5225,0.9186,0.1489,0.2219,1134.0518,5.293432,0.17645,134403,136.063504,5.313987,4.431572,130.770072,137.035999,-6.265927
GW200322_091133,GWTC-3,C01:IMRPhenomXPHM,M_total - final_mass_source,76.6638,25.288,0.2986,1.6132,0.1008,0.8231,5339.0735,5.026192,0.784262,4140,137.892405,5.313987,6.260473,132.866213,137.035999,-4.169787
GW200322_091133,GWTC-3,C01:IMRPhenomXPHM,M_total - final_mass_source,83.8205,25.2784,0.1858,1.3477,0.0373,2.0452,16372.488,4.632071,0.882896,137340,138.021164,5.313987,6.389232,133.389092,137.035999,-3.646907
GW230518_125908,GWTC-4,C00:IMRPhenomXPHM-SpinTaylor,M_total - final_mass_source_non_evolved,9.6205,2.7985,0.1767,0.1489,-0.0124,0.0516,236.7211,4.552375,0.063382,11711,134.898051,5.313987,3.266119,130.345675,137.035999,-6.690324
GW230529_181500,GWTC-4,C00:IMRPhenomXPHM:HighSpin,M_total - final_mass_source_non_evolved,5.009,1.9392,0.4095,0.1581,-0.1125,0.0448,204.6627,5.066715,0.11441,5489,133.956458,5.313987,2.324526,128.889743,137.035999,-8.146256
GW230601_224134,GWTC-4,C00:IMRPhenomXPHM-SpinTaylor,M_total - final_mass_source_non_evolved,108.7076,45.732,0.6766,4.7431,-0.0201,0.5716,3423.2299,5.302915,0.116334,14438,138.396241,5.313987,6.764309,133.093326,137.035999,-3.942673
GW230605_065343,GWTC-4,C00:IMRPhenomXPHM-SpinTaylor,M_total - final_mass_source_non_evolved,28.7266,12.0093,0.6406,1.2754,0.0683,0.2049,1037.3177,5.328778,0.080883,15769,136.47625,5.313987,4.844318,131.147472,137.035999,-5.888527
GW230606_004305,GWTC-4,C00:IMRPhenomXPHM-SpinTaylor,M_total - final_mass_source_non_evolved,62.6625,26.327,0.7126,2.5837,-0.1361,0.4674,2688.5406,5.267046,0.124579,13904,137.601462,5.313987,5.96953,132.334415,137.035999,-4.701584
GW230608_205047,GWTC-4,C00:IMRPhenomXPHM-SpinTaylor,M_total - final_mass_source_non_evolved,78.8106,32.7478,0.6353,3.5123,0.0498,0.5668,3388.5324,5.323086,0.150314,13528,137.93225,5.313987,6.300318,132.609164,137.035999,-4.426835
GW230609_064958,GWTC-4,C00:IMRPhenomXPHM-SpinTaylor,M_total - final_mass_source_non_evolved,59.9485,25.3984,0.7337,2.5139,-0.1427,0.5549,3302.4614,5.277572,0.10516,13019,137.537585,5.313987,5.905653,132.260013,137.035999,-4.775986
GW230624_113103,GWTC-4,C00:IMRPhenomXPHM-SpinTaylor,M_total - final_mass_source_non_evolved,43.1645,17.8958,0.6252,1.9606,0.1367,0.3477,1896.8585,5.345439,0.13242,15846,137.063704,5.313987,5.431772,131.718265,137.035999,-5.317734
GW230627_015337,GWTC-4,C00:IMRPhenomXPHM-SpinTaylor,M_total - final_mass_source_non_evolved,14.1812,6.0146,0.6904,0.6472,0.021,0.0663,307.3936,5.336123,0.042726,9688,135.457842,5.313987,3.82591,130.121718,137.035999,-6.914281
GW230628_231200,GWTC-4,C00:IMRPhenomXPHM-SpinTaylor,M_total - final_mass_source_non_evolved,59.2169,25.5232,0.8466,2.8096,-0.0023,0.4077,2286.1723,5.360529,0.051052,15446,137.519869,5.313987,5.887937,132.15934,137.035999,-4.876659
GW230630_125806,GWTC-4,C00:IMRPhenomXPHM-SpinTaylor,M_total - final_mass_source_non_evolved,85.6976,35.4041,0.6513,4.1568,0.2026,0.8132,5260.3667,5.393089,0.186947,16819,138.053115,5.313987,6.421183,132.660026,137.035999,-4.375973
GW230630_234532,GWTC-4,C00:IMRPhenomXPHM-SpinTaylor,M_total - final_mass_source_non_evolved,16.831,7.0704,0.6731,0.7212,-0.0401,0.2114,1074.0132,5.301018,0.073578,15135,135.704982,5.313987,4.07305,130.403965,137.035999,-6.632034
GW230702_185453,GWTC-4,C00:IMRPhenomXPHM-SpinTaylor,M_total - final_mass_source_non_evolved,60.8191,23.0595,0.4074,2.0696,0.0587,0.4143,2329.5271,5.13827,0.221276,17288,137.558383,5.313987,5.926451,132.420113,137.035999,-4.615886
GW230704_021211,GWTC-4,C00:IMRPhenomXPHM-SpinTaylor,M_total - final_mass_source_non_evolved,53.5414,22.1032,0.6069,2.2308,-0.0139,0.4506,2573.8533,5.280832,0.126448,23018,137.374516,5.313987,5.742584,132.093684,137.035999,-4.942315
GW230704_212616,GWTC-4,C00:IMRPhenomXPHM-SpinTaylor,M_total - final_mass_source_non_evolved,141.5987,54.7449,0.4952,6.7463,0.3772,1.0016,6799.6591,5.382753,0.256198,23006,138.777597,5.313987,7.145665,133.394843,137.035999,-3.641156
GW230706_104333,GWTC-4,C00:IMRPhenomXPHM-SpinTaylor,M_total - final_mass_source_non_evolved,27.9525,11.8191,0.7136,1.3998,0.1929,0.3515,1921.0196,5.409033,0.07427,15235,136.43684,5.313987,4.804908,131.027807,137.035999,-6.008192
GW230707_124047,GWTC-4,C00:IMRPhenomXPHM-SpinTaylor,M_total - final_mass_source_non_evolved,81.4944,34.9673,0.8134,3.7254,-0.0435,0.7189,4523.3574,5.332823,0.081914,13678,137.980561,5.313987,6.348629,132.647737,137.035999,-4.388262
GW230708_053705,GWTC-4,C00:IMRPhenomXPHM-SpinTaylor,M_total - final_mass_source_non_evolved,51.9629,22.2893,0.8079,2.5351,0.0773,0.5478,3252.043,5.383408,0.07419,15934,137.331343,5.313987,5.699411,131.947935,137.035999,-5.088064
GW230708_230935,GWTC-4,C00:IMRPhenomXPHM-SpinTaylor,M_total - final_mass_source_non_evolved,103.7964,42.7697,0.5992,4.4348,0.0243,0.5634,3363.6804,5.291093,0.169231,14977,138.329545,5.313987,6.697613,133.038451,137.035999,-3.997548
GW230709_122727,GWTC-4,C00:IMRPhenomXPHM-SpinTaylor,M_total - final_mass_source_non_evolved,75.14,31.417,0.6973,3.5176,0.0945,0.7276,4590.1164,5.353993,0.168628,12263,137.863442,5.313987,6.23151,132.509449,137.035999,-4.52655
GW230712_090405,GWTC-4,C00:IMRPhenomXPHM-SpinTaylor,M_total - final_mass_source_non_evolved,43.9833,15.6934,0.4074,1.3218,-0.041,0.3614,1983.8998,5.088251,0.279942,26163,137.090815,5.313987,5.458883,132.002563,137.035999,-5.033436
GW230723_101834,GWTC-4,C00:IMRPhenomXPHM-SpinTaylor,M_total - final_mass_source_non_evolved,27.7103,11.4997,0.6377,1.0864,-0.1589,0.2912,1544.5015,5.248083,0.108596,15000,136.424281,5.313987,4.792349,131.176198,137.035999,-5.859801
GW230726_002940,GWTC-4,C00:IMRPhenomXPHM-SpinTaylor,M_total - final_mass_source_non_evolved,63.3806,27.1832,0.7997,2.9193,-0.0166,0.3756,2075.8238,5.342996,0.067656,13791,137.617902,5.313987,5.98597,132.274907,137.035999,-4.761092
GW230729_082317,GWTC-4,C00:IMRPhenomXPHM-SpinTaylor,M_total - final_mass_source_non_evolved,20.4058,8.3462,0.6104,0.8954,0.1248,0.305,1629.1023,5.334317,0.147594,12605,135.982837,5.313987,4.350905,130.648519,137.035999,-6.38748
GW230731_215307,GWTC-4,C00:IMRPhenomXPHM-SpinTaylor,M_total - final_mass_source_non_evolved,18.2391,7.7653,0.7627,0.8132,-0.0479,0.2182,1112.9582,5.327364,0.047837,10904,135.820898,5.313987,4.188966,130.493534,137.035999,-6.542465
GW230803_033412,GWTC-4,C00:IMRPhenomXPHM-SpinTaylor,M_total - final_mass_source_non_evolved,76.1055,31.3469,0.6034,3.393,0.099,0.7328,4630.4898,5.333825,0.15011,16784,137.88186,5.313987,6.249928,132.548035,137.035999,-4.487964
GW230805_034249,GWTC-4,C00:IMRPhenomXPHM-SpinTaylor,M_total - final_mass_source_non_evolved,56.729,23.3893,0.6387,2.5216,0.082,0.5329,3145.4327,5.333124,0.154834,16941,137.457946,5.313987,5.826014,132.124822,137.035999,-4.911177
GW230806_204041,GWTC-4,C00:IMRPhenomXPHM-SpinTaylor,M_total - final_mass_source_non_evolved,85.1538,35.8118,0.7117,4.0288,0.0929,0.8451,5515.3718,5.362345,0.134665,14235,138.043931,5.313987,6.411999,132.681586,137.035999,-4.354413
GW230811_032116,GWTC-4,C00:IMRPhenomXPHM-SpinTaylor,M_total - final_mass_source_non_evolved,57.9945,24.0645,0.6169,2.5198,0.0171,0.3683,2028.7783,5.30546,0.097787,17874,137.489776,5.313987,5.857844,132.184316,137.035999,-4.851683
GW230814_061920,GWTC-4,C00:IMRPhenomXPHM-SpinTaylor,M_total - final_mass_source_non_evolved,112.1141,46.7224,0.6191,4.9873,0.0529,0.6196,3774.1193,5.315806,0.132485,13478,138.440755,5.313987,6.808823,133.12495,137.035999,-3.911049
GW230814_230901,GWTC-4,C00:IMRPhenomXPHM-SpinTaylor,M_total - final_mass_source_non_evolved,62.0258,26.8681,0.8494,2.9359,-0.0103,0.0594,274.2109,5.359292,0.018525,13460,137.586727,5.313987,5.954795,132.227435,137.035999,-4.808564
GW230819_171910,GWTC-4,C00:IMRPhenomXPHM-SpinTaylor,M_total - final_mass_source_non_evolved,110.4179,42.6385,0.4542,3.7854,-0.0291,0.6318,3864.7887,5.144922,0.307323,15680,138.418762,5.313987,6.78683,133.27384,137.035999,-3.762159
GW230820_212515,GWTC-4,C00:IMRPhenomXPHM-SpinTaylor,M_total - final_mass_source_non_evolved,96.1931,37.5026,0.4943,4.171,0.2093,0.6195,3773.0859,5.31551,0.301793,15759,138.219794,5.313987,6.587862,132.904284,137.035999,-4.131715
GW230824_033047,GWTC-4,C00:IMRPhenomXPHM-SpinTaylor,M_total - final_mass_source_non_evolved,88.244,36.9874,0.6918,3.9271,0.0022,0.7316,4621.2874,5.323027,0.137225,13206,138.095359,5.313987,6.463427,132.772332,137.035999,-4.263667
GW230825_041334,GWTC-4,C00:IMRPhenomXPHM-SpinTaylor,M_total - final_mass_source_non_evolved,70.6391,29.4152,0.657,3.8211,0.3174,0.7852,5039.4197,5.469248,0.143004,13826,137.774326,5.313987,6.142394,132.305079,137.035999,-4.730921
GW230831_015414,GWTC-4,C00:IMRPhenomXPHM-SpinTaylor,M_total - final_mass_source_non_evolved,73.7716,31.2302,0.7468,3.4121,0.0428,0.7251,4570.7014,5.352915,0.127811,14508,137.836927,5.313987,6.204995,132.484011,137.035999,-4.551988
GW230904_051013,GWTC-4,C00:IMRPhenomXPHM-SpinTaylor,M_total - final_mass_source_non_evolved,17.9681,7.5525,0.6699,0.8084,0.0562,0.1997,1007.5056,5.339402,0.08416,15560,135.799302,5.313987,4.16737,130.4599,137.035999,-6.576099
GW230911_195324,GWTC-4,C00:IMRPhenomXPHM-SpinTaylor,M_total - final_mass_source_non_evolved,56.1018,23.132,0.5629,2.2948,-0.029,0.221,1128.7026,5.257396,0.118616,18595,137.441907,5.313987,5.809975,132.18451,137.035999,-4.851489
GW230914_111401,GWTC-4,C00:IMRPhenomXPHM-SpinTaylor,M_total - final_mass_source_non_evolved,95.8127,39.877,0.6056,4.4243,0.1275,0.4526,2587.6081,5.338201,0.138931,18353,138.214077,5.313987,6.582145,132.875876,137.035999,-4.160123
GW230919_215712,GWTC-4,C00:IMRPhenomXPHM-SpinTaylor,M_total - final_mass_source_non_evolved,49.316,21.1454,0.7966,2.5408,0.1823,0.2461,1274.8923,5.426625,0.048693,15670,137.255916,5.313987,5.623984,131.829291,137.035999,-5.206708
GW230920_071124,GWTC-4,C00:IMRPhenomXPHM-SpinTaylor,M_total - final_mass_source_non_evolved,56.4734,23.9582,0.7569,2.566,-0.0019,0.4863,2818.4458,5.339987,0.100859,15199,137.45143,5.313987,5.819498,132.111443,137.035999,-4.924556
GW230922_020344,GWTC-4,C00:IMRPhenomXPHM-SpinTaylor,M_total - final_mass_source_non_evolved,70.6111,29.9145,0.7015,3.2364,0.0354,0.276,1452.7638,5.342404,0.078196,19000,137.773756,5.313987,6.141824,132.431352,137.035999,-4.604647
GW230922_040658,GWTC-4,C00:IMRPhenomXPHM-SpinTaylor,M_total - final_mass_source_non_evolved,124.6904,50.9305,0.6524,6.6226,0.3378,0.9495,6365.535,5.445738,0.227381,14201,138.594139,5.313987,6.962207,133.148401,137.035999,-3.887598
GW230924_124453,GWTC-4,C00:IMRPhenomXPHM-SpinTaylor,M_total - final_mass_source_non_evolved,51.7546,22.2595,0.812,2.4568,0.0196,0.4192,2362.2796,5.362742,0.052696,14630,137.325546,5.313987,5.693614,131.962804,137.035999,-5.073195
GW230927_043729,GWTC-4,C00:IMRPhenomXPHM-SpinTaylor,M_total - final_mass_source_non_evolved,62.4715,26.7549,0.8056,2.923,0.0071,0.5287,3115.7852,5.353461,0.071947,13148,137.597059,5.313987,5.965127,132.243597,137.035999,-4.792402
GW230927_153832,GWTC-4,C00:IMRPhenomXPHM-SpinTaylor,M_total - final_mass_source_non_evolved,38.5156,16.4372,0.7442,1.808,0.0406,0.2278,1167.9873,5.356826,0.037012,14161,136.899304,5.313987,5.267372,131.542478,137.035999,-5.493521
GW230928_215827,GWTC-4,C00:IMRPhenomXPHM-SpinTaylor,M_total - final_mass_source_non_evolved,87.6395,35.7239,0.5473,4.9588,0.4204,0.6974,4358.8838,5.500549,0.164221,19357,138.085442,5.313987,6.45351,132.584893,137.035999,-4.451106
GW230930_110730,GWTC-4,C00:IMRPhenomXPHM-SpinTaylor,M_total - final_mass_source_non_evolved,58.9969,24.8918,0.7395,2.6986,0.0277,0.7619,4856.8996,5.343906,0.11467,11732,137.514498,5.313987,5.882566,132.170592,137.035999,-4.865407
GW231001_140220,GWTC-4,C00:IMRPhenomXPHM-SpinTaylor,M_total - final_mass_source_non_evolved,116.328,46.7561,0.5203,4.4421,-0.0479,0.673,4173.3257,5.209786,0.184435,16041,138.493987,5.313987,6.862055,133.284201,137.035999,-3.751799
GW231004_232346,GWTC-4,C00:IMRPhenomXPHM-SpinTaylor,M_total - final_mass_source_non_evolved,101.6706,40.7,0.5135,3.803,-0.0512,0.6567,4050.1858,5.201039,0.189241,15804,138.299691,5.313987,6.667759,133.098652,137.035999,-3.937347
GW231005_021030,GWTC-4,C00:IMRPhenomXPHM-SpinTaylor,M_total - final_mass_source_non_evolved,131.5903,53.4136,0.5768,5.8031,0.1123,0.939,6278.9327,5.317988,0.187815,13730,138.671841,5.313987,7.039909,133.353854,137.035999,-3.682145
GW231005_091549,GWTC-4,C00:IMRPhenomXPHM-SpinTaylor,M_total - final_mass_source_non_evolved,50.6423,21.4966,0.7724,2.2451,-0.0384,0.5938,3584.5482,5.324195,0.107264,12902,137.294203,5.313987,5.662271,131.970008,137.035999,-5.065991
GW231008_142521,GWTC-4,C00:IMRPhenomXPHM-SpinTaylor,M_total - final_mass_source_non_evolved,71.2554,28.9099,0.5675,2.8375,-0.0252,0.4817,2786.77,5.254499,0.184565,16800,137.786859,5.313987,6.154928,132.532361,137.035999,-4.503638
GW231014_040532,GWTC-4,C00:IMRPhenomXPHM-SpinTaylor,M_total - final_mass_source_non_evolved,35.8834,15.0755,0.7162,1.7676,0.1813,0.3994,2231.0905,5.396424,0.13671,16903,136.797178,5.313987,5.165246,131.400754,137.035999,-5.635245
GW231018_233037,GWTC-4,C00:IMRPhenomXPHM-SpinTaylor,M_total - final_mass_source_non_evolved,19.0923,7.911,0.6234,0.8141,0.0148,0.2877,1523.5745,5.299404,0.110297,15611,135.886854,5.313987,4.254922,130.58745,137.035999,-6.448549
GW231020_142947,GWTC-4,C00:IMRPhenomXPHM-SpinTaylor,M_total - final_mass_source_non_evolved,19.8618,8.0709,0.6071,0.8828,0.1512,0.2383,1228.753,5.344919,0.155384,14942,135.943856,5.313987,4.311924,130.598937,137.035999,-6.437062
GW231028_153006,GWTC-4,C00:IMRPhenomXPHM-SpinTaylor,M_total - final_mass_source_non_evolved,152.9012,64.299,0.6998,9.8729,0.4957,0.7177,4514.3758,5.5859,0.129417,15128,138.888388,5.313987,7.256456,133.302488,137.035999,-3.733511
GW231029_111508,GWTC-4,C00:IMRPhenomXPHM-SpinTaylor,M_total - final_mass_source_non_evolved,106.0689,44.0481,0.6231,4.9773,0.1453,0.5145,3015.4656,5.356299,0.161173,13488,138.36079,5.313987,6.728858,133.00449,137.035999,-4.031509
GW231102_071736,GWTC-4,C00:IMRPhenomXPHM-SpinTaylor,M_total - final_mass_source_non_evolved,104.652,44.4813,0.7049,4.9825,0.074,0.5985,3618.9162,5.363654,0.093359,15330,138.341388,5.313987,6.709456,132.977734,137.035999,-4.058265
GW231104_133418,GWTC-4,C00:IMRPhenomXPHM-SpinTaylor,M_total - final_mass_source_non_evolved,21.0329,8.8535,0.7054,1.0135,0.1455,0.2781,1465.1652,5.388139,0.071936,13042,136.026507,5.313987,4.394575,130.638368,137.035999,-6.397631
GW231108_125142,GWTC-4,C00:IMRPhenomXPHM-SpinTaylor,M_total - final_mass_source_non_evolved,40.6547,17.3451,0.7533,1.7885,-0.0763,0.3717,2050.6583,5.31068,0.047906,16031,136.977283,5.313987,5.345351,131.666603,137.035999,-5.369396
GW231110_040320,GWTC-4,C00:IMRPhenomXPHM-SpinTaylor,M_total - final_mass_source_non_evolved,32.5224,13.4722,0.6222,1.5352,0.1746,0.3393,1843.5409,5.369673,0.083975,16586,136.655294,5.313987,5.023362,131.285621,137.035999,-5.750378
GW231113_122623,GWTC-4,C00:IMRPhenomXPHM-SpinTaylor,M_total - final_mass_source_non_evolved,68.2932,28.4721,0.6797,3.7981,0.3648,0.5524,3284.9727,5.491743,0.161842,17278,137.725602,5.313987,6.09367,132.233859,137.035999,-4.80214
GW231113_200417,GWTC-4,C00:IMRPhenomXPHM-SpinTaylor,M_total - final_mass_source_non_evolved,19.1418,8.021,0.6585,0.8909,0.1253,0.224,1146.2096,5.36529,0.087618,13984,135.890585,5.313987,4.258653,130.525294,137.035999,-6.510705
GW231114_043211,GWTC-4,C00:IMRPhenomXPHM-SpinTaylor,M_total - final_mass_source_non_evolved,31.5127,11.6527,0.353,0.9901,0.091,0.2551,1327.506,5.070178,0.15013,17986,136.609793,5.313987,4.977861,131.539615,137.035999,-5.496384
GW231118_005626,GWTC-4,C00:IMRPhenomXPHM-SpinTaylor,M_total - final_mass_source_non_evolved,31.8307,12.7915,0.4912,1.6097,0.3929,0.3789,2097.2885,5.412667,0.114883,17887,136.624277,5.313987,4.992345,131.21161,137.035999,-5.824389
GW231118_071402,GWTC-4,C00:IMRPhenomXPHM-SpinTaylor,M_total - final_mass_source_non_evolved,73.8933,31.1009,0.7139,3.5638,0.1278,0.6598,4073.8943,5.381256,0.139944,15567,137.839303,5.313987,6.207371,132.458047,137.035999,-4.577952
GW231118_090602,GWTC-4,C00:IMRPhenomXPHM-SpinTaylor,M_total - final_mass_source_non_evolved,21.2289,8.3699,0.4902,0.8481,0.1195,0.262,1368.9867,5.258801,0.266069,17286,136.039893,5.313987,4.407961,130.781092,137.035999,-6.254907
GW231119_075248,GWTC-4,C00:IMRPhenomXPHM-SpinTaylor,M_total - final_mass_source_non_evolved,82.3292,34.5356,0.73,3.641,-0.0005,0.9702,6537.5322,5.326772,0.151216,14216,137.995264,5.313987,6.363332,132.668492,137.035999,-4.367507
GW231123_135430,GWTC-4,C00:IMRPhenomXPHM-SpinTaylor,M_total - final_mass_source,243.2756,102.3297,0.6222,10.5362,0.0391,0.1712,849.531,5.295662,0.076309,19980,139.55838,5.313987,7.926448,134.262718,137.035999,-2.773281
GW231127_165300,GWTC-4,C00:IMRPhenomXPHM-SpinTaylor,M_total - final_mass_source_non_evolved,74.4822,30.555,0.6182,3.2099,0.0406,0.6912,4311.5576,5.305897,0.189981,14592,137.850756,5.313987,6.218825,132.544859,137.035999,-4.49114
GW231129_081745,GWTC-4,C00:IMRPhenomXPHM-SpinTaylor,M_total - final_mass_source_non_evolved,69.5676,28.1396,0.536,2.8323,0.0274,0.5956,3597.6601,5.262584,0.160435,14785,137.752276,5.313987,6.120344,132.489692,137.035999,-4.546307
GW231206_233134,GWTC-4,C00:IMRPhenomXPHM-SpinTaylor,M_total - final_mass_source_non_evolved,62.6127,26.8967,0.8147,2.7995,-0.0901,0.5452,3233.4726,5.317787,0.07223,13230,137.600315,5.313987,5.968383,132.282528,137.035999,-4.753471
GW231206_233901,GWTC-4,C00:IMRPhenomXPHM-SpinTaylor,M_total - final_mass_source_non_evolved,66.5665,28.4168,0.7725,3.0305,-0.0293,0.2811,1483.1204,5.336658,0.064416,15034,137.688657,5.313987,6.056725,132.351998,137.035999,-4.684001
GW231213_111417,GWTC-4,C00:IMRPhenomXPHM-SpinTaylor,M_total - final_mass_source_non_evolved,62.6177,26.7593,0.7945,3.0451,0.0767,0.6546,4035.0627,5.380196,0.090402,14380,137.60043,5.313987,5.968499,132.220235,137.035999,-4.815764
GW231221_135041,GWTC-4,C00:IMRPhenomXPHM-SpinTaylor,M_total - final_mass_source_non_evolved,77.258,31.2259,0.6404,3.2714,0.0393,0.7017,4391.6806,5.298569,0.200769,16198,137.903545,5.313987,6.271613,132.604977,137.035999,-4.431023
GW231223_032836,GWTC-4,C00:IMRPhenomXPHM-SpinTaylor,M_total - final_mass_source_non_evolved,77.5766,32.3248,0.6994,3.0752,-0.1616,0.6415,3936.5365,5.239425,0.168712,15011,137.909481,5.313987,6.277549,132.670056,137.035999,-4.365943
GW231223_075055,GWTC-4,C00:IMRPhenomXPHM-SpinTaylor,M_total - final_mass_source_non_evolved,19.0328,7.8136,0.5625,0.8025,0.0721,0.1914,960.9307,5.290732,0.137727,18392,135.882346,5.313987,4.250414,130.591613,137.035999,-6.444386
GW231223_202619,GWTC-4,C00:IMRPhenomXPHM-SpinTaylor,M_total - final_mass_source_non_evolved,19.7013,8.3771,0.7469,0.9437,0.105,0.1776,884.3656,5.378161,0.068184,13892,135.932153,5.313987,4.300221,130.553992,137.035999,-6.482007
GW231224_024321,GWTC-4,C00:IMRPhenomXPHM-SpinTaylor,M_total - final_mass_source_non_evolved,16.6908,7.141,0.7826,0.7696,-0.0052,0.1883,943.8509,5.348177,0.037431,16775,135.69291,5.313987,4.060978,130.344733,137.035999,-6.691267
GW231226_101520,GWTC-4,C00:IMRPhenomXPHM-SpinTaylor,M_total - final_mass_source_non_evolved,75.1941,32.5575,0.878,3.4588,-0.0738,0.2278,1168.1744,5.339032,0.025818,15030,137.86448,5.313987,6.232548,132.525448,137.035999,-4.510551
GW231230_170116,GWTC-4,C00:IMRPhenomXPHM-SpinTaylor,M_total - final_mass_source_non_evolved,87.7908,36.7309,0.7024,3.4059,-0.2167,0.8681,5700.1833,5.228653,0.183052,15694,138.08793,5.313987,6.455998,132.859277,137.035999,-4.176722
GW231231_154016,GWTC-4,C00:IMRPhenomXPHM-SpinTaylor,M_total - final_mass_source_non_evolved,40.0007,17.109,0.7656,1.805,-0.0286,0.2087,1058.3816,5.33127,0.045913,13245,136.953885,5.313987,5.321953,131.622615,137.035999,-5.413384
GW240104_164932,GWTC-4,C00:IMRPhenomXPHM-SpinTaylor,M_total - final_mass_source_non_evolved,75.2684,32.1979,0.7785,3.7528,0.1255,0.3506,1915.091,5.398803,0.080533,14325,137.865905,5.313987,6.233973,132.467102,137.035999,-4.568897
GW240107_013215,GWTC-4,C00:IMRPhenomXPHM-SpinTaylor,M_total - final_mass_source_non_evolved,89.5545,34.6195,0.4983,4.2125,0.3387,0.8746,5752.7677,5.369864,0.282283,18048,138.116626,5.313987,6.484694,132.746761,137.035999,-4.289238
GW240109_050431,GWTC-4,C00:IMRPhenomXPHM-SpinTaylor,M_total - final_mass_source_non_evolved,47.299,19.7099,0.6168,1.9242,-0.076,0.2758,1451.5962,5.257511,0.085999,15285,137.19567,5.313987,5.563738,131.938159,137.035999,-5.09784
